"i","lw","np","nu","p","np_r","res","res2"
1,"k=0",0.5488,29,0.5488,27.4405818047013,0.298,0.089
2,"k=1",0.3293,13,0.3293,16.4643490828208,-0.854,0.729
3,"k≥2",0.1219,8,0.1219,6.09506911247788,0.772,0.595
