"i","lw","np","ν","p","np_r","res","res2"
1,"k=0",0.4966,29,0.4966,24.8292651895705,0.837,0.701
2,"k=1",0.3476,13,0.3476,17.3804856326993,-1.051,1.104
3,"k=2",0.1217,5,0.1217,6.08316997144476,-0.439,0.193
4,"k≥3",0.0341,3,0.0341,1.7025778888412,0.994,0.989
