"i","lw","up","ν","p","np","res","res2"
1,0,1.2,16,0.2134,10.6686069466723,1.632,2.664
2,1.2,2.4,13,0.1678,8.39222346302063,1.591,2.53
3,2.4,3.6,8,0.132,6.60155679230846,0.544,0.296
